scheduler,patronID,drink,executionTime,arrivalTime,serviceStartTime,completionTime,waitingTime,responseTime,turnaroundTime,queueLevel,priority
SJF,0,B52,200,1778962920897,1778962920897,1778962921099,0,0,202,0,0
SJF,0,White Wine,25,1778962921112,1778962921121,1778962921147,9,9,35,0,0
SJF,0,Tequila shot,20,1778962921303,1778962921303,1778962921324,0,0,21,0,0
SJF,1,Vodka shot,20,1778962921312,1778962921325,1778962921349,13,13,37,0,0
SJF,0,Cider,25,1778962921328,1778962921350,1778962921380,22,22,52,0,0
SJF,1,Mojito,75,1778962921354,1778962921383,1778962921459,29,29,105,0,0
SJF,2,Cosmopolitan,65,1778962921412,1778962921459,1778962921527,47,47,115,0,0
SJF,0,Red Wine,25,1778962921488,1778962921528,1778962921558,40,40,70,0,0
SJF,1,Red Wine,25,1778962921573,1778962921573,1778962921599,0,0,26,0,0
SJF,2,Vodka shot,20,1778962921581,1778962921599,1778962921620,18,18,39,0,0
SJF,2,Tequila shot,20,1778962921624,1778962921624,1778962921646,0,0,22,0,0
SJF,2,Draft Beer,50,1778962921650,1778962921650,1778962921704,0,0,54,0,0
SJF,0,Beer,25,1778962921713,1778962921713,1778962921743,0,0,30,0,0
SJF,2,Red Wine,25,1778962921809,1778962921809,1778962921837,0,0,28,0,0
SJF,3,Gin and Tonic,40,1778962921845,1778962921845,1778962921885,0,0,40,0,0
SJF,0,Vodka shot,20,1778962921845,1778962921886,1778962921911,41,41,66,0,0
SJF,0,Gin and Tonic,40,1778962921914,1778962921914,1778962921960,0,0,46,0,0
SJF,3,Mojito,75,1778962921998,1778962921998,1778962922075,0,0,77,0,0
SJF,3,Vodka shot,20,1778962922186,1778962922186,1778962922211,0,0,25,0,0
SJF,3,Red Wine,25,1778962922215,1778962922215,1778962922241,0,0,26,0,0
SJF,4,Vodka shot,20,1778962922217,1778962922242,1778962922265,25,25,48,0,0
SJF,4,Mojito,75,1778962922268,1778962922268,1778962922347,0,0,79,0,0
SJF,3,Bloody Mary,70,1778962922397,1778962922397,1778962922470,0,0,73,0,0
SJF,4,White Wine,25,1778962922463,1778962922470,1778962922497,7,7,34,0,0
SJF,5,Pina Colada,100,1778962922614,1778962922614,1778962922719,0,0,105,0,0
SJF,4,Pina Colada,100,1778962922650,1778962922720,1778962922822,70,70,172,0,0
SJF,6,Beer,25,1778962922805,1778962922823,1778962922853,18,18,48,0,0
SJF,5,B52,200,1778962922844,1778962922854,1778962923059,10,10,215,0,0
SJF,4,Martini,60,1778962922948,1778962923060,1778962923125,112,112,177,0,0
SJF,5,White Wine,25,1778962923072,1778962923125,1778962923153,53,53,81,0,0
SJF,6,Martini,60,1778962922959,1778962923154,1778962923218,195,195,259,0,0
SJF,7,Margarita,75,1778962922872,1778962923219,1778962923296,347,347,424,0,0
SJF,5,Mojito,75,1778962923306,1778962923306,1778962923385,0,0,79,0,0
SJF,6,Cider,25,1778962923333,1778962923386,1778962923413,53,53,80,0,0
SJF,7,Beer,25,1778962923381,1778962923414,1778962923443,33,33,62,0,0
SJF,7,Mojito,75,1778962923548,1778962923548,1778962923628,0,0,80,0,0
SJF,8,Gin and Tonic,40,1778962923673,1778962923673,1778962923717,0,0,44,0,0
SJF,9,Cosmopolitan,65,1778962923684,1778962923717,1778962923785,33,33,101,0,0
SJF,8,Cider,25,1778962923831,1778962923831,1778962923861,0,0,30,0,0
SJF,9,Draft Beer,50,1778962923840,1778962923861,1778962923914,21,21,74,0,0
SJF,8,Draft Beer,50,1778962923966,1778962923967,1778962924019,1,1,53,0,0
SJF,8,B52,200,1778962924124,1778962924124,1778962924328,0,0,204,0,0
SJF,8,Beer,25,1778962924340,1778962924340,1778962924367,0,0,27,0,0
SJF,8,Red Wine,25,1778962924472,1778962924472,1778962924499,0,0,27,0,0
